title,year,doi
Acceleration of short long DNA read mapping without loss of accuracy using suffix array,2014,10.1093/bioinformatics/btu553
A comprehensive DNA methylation profile of epithelial-to-mesenchymal transition,2014,10.1158/0008-5472.can-13-3659
A dynamic view of molecular switch behavior at serotonin receptors: implications for functional selectivity,2014,10.1371/journal.pone.0109312
Alzheimer's disease cancer: current epidemiological evidence for a mutual protection,2014,10.1159/000355899
Analyzing the first drafts of the human proteome,2014,10.1021/pr500572z
Applicability Domain ANalysis (ADAN): a robust method for assessing the reliability of drug property predictions,2014,10.1021/ci500172z
Assessing technical performance in differential gene expression experiments with external spike-in RNA control ratio mixtures,2014,10.1038/ncomms6125
Assessing the suitability of the multilevel strategy for the conformational analysis of small ligands,2014,10.1021/jp506779y
A theoretical view of protein dynamics,2014,10.1039/c3cs60474h
A web-based interactive framework to assist in the prioritization of disease candidate genes in whole-exome sequencing studies,2014,10.1093/nar/gku407
A web tool for the design management of panels of genes for targeted enrichment massive sequencing for clinical applications,2014,10.1093/nar/gku472
BioCreative-IV virtual issue,2014,10.1093/database/bau039
ChiTaRS 2.1--an improved database of the chimeric transcripts RNA-seq data with novel sense-antisense chimeric RNA transcripts,2014,10.1093/nar/gku1199
Combined genetic high-throughput strategies for molecular diagnosis of inherited retinal dystrophies,2014,10.1371/journal.pone.0088410
Common rare variant analysis in early-onset bipolar disorder vulnerability,2014,10.1371/journal.pone.0104326
Comparative analysis of the transcriptome across distant species,2014,10.1038/nature13424
Comprehensive characterization of complex structural variations in cancer by directly comparing genome sequence reads,2014,10.1038/nbt.3027
Correlated motions are a fundamental property of β-sheets,2014,10.1038/ncomms5070
Defining functional DNA elements in the human genome,2014,10.1073/pnas.1318948111
"Derived immune ancestral pigmentation alleles in a 7,000-year-old Mesolithic European",2014,10.1038/nature12960
Development validation of a 20K single nucleotide polymorphism (SNP) whole genome genotyping array for apple (Malus × domestica Borkh),2014,10.1371/journal.pone.0110377
Direct measurement of the dielectric polarization properties of DNA,2014,10.1073/pnas.1405702111
Domains of genome-wide gene expression dysregulation in Down's syndrome,2014,10.1038/nature13200
Early delayed long-term transcriptional changes short-term transient responses during cold acclimation in olive leaves,2014,10.1093/dnares/dsu033
Effects of cadmium mercury on the upper part of skeletal muscle glycolysis in mice,2014,10.1371/journal.pone.0080018
Exome sequencing reveals novel recurrent mutations with clinical significance in inherited retinal dystrophies,2014,10.1371/journal.pone.0116176
Finding the missing honey bee genes: lessons learned from a genome upgrade,2014,10.1186/1471-2164-15-86
Fuzziness noise in nucleosomal architecture,2014,10.1093/nar/gku165
Genetic variation in the TP53 pathway bladder cancer risk. a comprehensive analysis,2014,10.1371/journal.pone.0089952
Genome-wide profiling of the cardiac transcriptome after myocardial infarction identifies novel heart-specific long non-coding RNAs,2014,10.1093/eurheartj/ehu180
"Genomic analysis of the blood attributed to Louis XVI (1754-1793), king of France",2014,10.1038/srep04666
Genomic landscape of Ewing sarcoma defines an aggressive subtype with co-association of STAG2 TP53 mutations,2014,10.1158/2159-8290.cd-14-0622
Genomics of ecological adaptation in cactophilic Drosophila,2014,10.1093/gbe/evu291
Gibbon genome the fast karyotype evolution of small apes,2014,10.1038/nature13679
Identification of genetic variants associated with alternative splicing using sQTLseekeR,2014,10.1038/ncomms5698
Identification of risk loci for Crohn's disease phenotypes using a genome-wide association study,2014,10.1053/j.gastro.2014.12.030
Integrated next-generation sequencing avatar mouse models for personalized cancer treatment,2014,10.1158/1078-0432.ccr-13-3047
Integrating genomics into evolutionary medicine,2014,10.1016/j.gde.2014.08.009
Integration of biological data by kernels on graph nodes allows prediction of new genes involved in mitotic chromosome condensation,2014,10.1091/mbc.e13-04-0221
Integrative knowledge management to enhance pharmaceutical R&D,2014,10.1038/nrd4290
Interplay of interlocus gene conversion crossover in segmental duplications under a neutral scenario,2014,10.1534/g3.114.012435
"Inverse direct cancer comorbidity in people with central nervous system disorders: a meta-analysis of cancer incidence in 577,013 participants of 50 observational studies",2014,10.1159/000356498
Late-replicating CNVs as a source of new genes,2014,10.1242/bio.20147815
MD NMR analyses of choline TMA binding to duplex DNA: on the origins of aberrant sequence-dependent stability by alkyl cations in aqueous water-free solvents,2014,10.1021/ja410698u
Mendelian genes for Parkinson's disease contribute to the sporadic forms of the disease,2014,10.1093/hmg/ddu616
Molecular evidence for the inverse comorbidity between central nervous system disorders cancers detected by transcriptomic meta-analyses,2014,10.1371/journal.pgen.1004173
"Multiple evidence strands suggest that there may be as few as 19,000 human protein-coding genes",2014,10.1093/hmg/ddu309
Network medicine analysis of COPD multimorbidities,2014,10.1186/s12931-014-0111-4
ngsCAT: a tool to assess the efficiency of targeted enrichment sequencing,2014,10.1093/bioinformatics/btu108
Novel insights into biased agonism at G protein-coupled receptors their potential for drug design,2014,
Novel insights on the structural determinants of clozapine olanzapine multi-target binding profiles,2014,10.1016/j.ejmech.2014.02.058
Novel RP1 mutations a recurrent BBS1 variant explain the co-existence of two distinct retinal phenotypes in the same pedigree,2014,10.1186/s12863-014-0143-2
Pathway network inference from gene expression data,2014,10.1186/1752-0509-8-s2-s7
Permanent cardiac sarcomere changes in a rabbit model of intrauterine growth restriction,2014,10.1371/journal.pone.0113067
Pool conquer: new tricks for (c)old problems,2014,10.1111/mec.12685
PTMcode v2: a resource for functional associations of post-translational modifications within between proteins,2014,10.1093/nar/gku1081
Relationship between genome epigenome--challenges requirements for future research,2014,10.1186/1471-2164-15-487
Reply to Brunet Doolittle: Both selected effect causal role elements can influence human biology disease,2014,10.1073/pnas.1410434111
Role of CPI-17 in restoring skin homoeostasis in cutaneous field of cancerization: effects of topical application of a film-forming medical device containing photolyase UV filters,2014,10.1111/exd.12177
SEABED: Small molEcule activity scanner weB servicE baseD,2014,10.1093/bioinformatics/btu709
"Sequencing functional analysis of the genome of a nematode egg-parasitic fungus, Pochonia chlamydosporia",2014,10.1016/j.fgb.2014.02.002
Sma3s: a three-step modular annotator for large sequence datasets,2014,10.1093/dnares/dsu001
Specific loop modifications of the thrombin-binding aptamer trigger the formation of parallel structures,2014,10.1111/febs.12670
Structural studies of the sBBI/trypsin non-covalent complex using covalent modification mass spectrometry,2014,10.1002/rcm.6797
Structure dynamics of oligonucleotides in the gas phase,2014,10.1002/anie.201406910
Structure properties of DNA in apolar solvents,2014,10.1021/jp503816r
Summary of the BioLINK SIG 2013 meeting at ISMB/ECCB 2013,2014,10.1093/bioinformatics/btu412
The Activation of the Sox2 RR2 Pluripotency Transcriptional Reporter in Human Breast Cancer Cell Lines is Dynamic Labels Cells with Higher Tumorigenic Potential,2014,10.3389/fonc.2014.00308
The eTOX data-sharing project to advance in silico drug-induced toxicity prediction,2014,10.3390/ijms151121136
The impact of computer science in molecular medicine: enabling high-throughput research,2014,
The pseudo GTPase CENP-M drives human kinetochore assembly,2014,10.7554/elife.02978
Therapeutic targets for olive pollen allergy defined by gene markers modulated by Ole e 1-derived peptides,2014,10.1016/j.molimm.2014.12.002
The RIDL hypothesis: transposable elements as functional domains of long noncoding RNAs,2014,10.1261/rna.044560.114
The role of the interactome in the maintenance of deleterious variability in human populations,2014,10.15252/msb.20145222
Transcriptional dissection of pancreatic tumors engrafted in mice,2014,10.1186/gm544
Transcriptional diversity during lineage commitment of human blood progenitors,2014,10.1126/science.1251033
Two novel mutations in the BCKDK (branched-chain keto-acid dehydrogenase kinase) gene are responsible for a neurobehavioral deficit in two pediatric unrelated patients,2014,10.1002/humu.22513
Tyrosine phosphorylation of RNA polymerase II CTD is associated with antisense promoter transcription active enhancers in mammalian cells,2014,10.7554/elife.02105
Understanding disease mechanisms with models of signaling pathway activities,2014,10.1186/s12918-014-0121-3
Unraveling the sequence-dependent polymorphic behavior of d(CpG) steps in B-DNA,2014,10.1093/nar/gku809
Variation in genomic landscape of clear cell renal cell carcinoma across Europe,2014,10.1038/ncomms6135
μABC: a systematic microsecond molecular dynamics study of tetranucleotide sequence effects in B-DNA,2014,10.1093/nar/gku855
Absence of canonical marks of active chromatin in developmentally regulated genes,2015,10.1038/ng.3381
A comparative encyclopedia of DNA elements in the mouse genome,2015,10.1038/nature13992
A comprehensive assessment of somatic mutation detection in cancer using whole-genome sequencing,2015,10.1038/ncomms10001
A deletion at ADAMTS9-MAGI1 locus is associated with psoriatic arthritis risk,2015,10.1136/annrheumdis-2014-207190
Alignment of direct detection device micrographs using a robust Optical Flow approach,2015,10.1016/j.jsb.2015.02.001
Alternative splicing co-option of transposable elements: the case of TMPO/LAP2α ZNF451 in mammals,2015,10.1093/bioinformatics/btv132
Analysis of Five Gene Sets in Chimpanzees Suggests Decoupling between the Action of Selection on Protein-Coding on Noncoding Elements,2015,10.1093/gbe/evv082
A new overgrowth syndrome is due to mutations in RNF125,2015,10.1002/humu.22689
A Pan-Cancer Catalogue of Cancer Driver Protein Interaction Interfaces,2015,10.1371/journal.pcbi.1004518
A parallel sensitive software tool for methylation analysis on multicore platforms,2015,10.1093/bioinformatics/btv357
A Phylogenetic Analysis of 34 Chloroplast Genomes Elucidates the Relationships between Wild Domestic Species within the Genus Citrus,2015,10.1093/molbev/msv082
Applications of second generation sequencing technologies in complex disorders,2015,10.1007/7854_2011_196
APPRIS WebServer WebServices,2015,10.1093/nar/gkv512
Approaching Elastic Network Models to Molecular Dynamics Flexibility,2015,10.1021/ct100208e
A revisit of high collision energy effects on collision-induced dissociation spectra using matrix-assisted laser desorption/ionization tandem time-of-flight mass spectrometry (MALDI-LIFT-TOF/TOF): application to the sequencing of RNA/DNA chimeras,2015,10.1002/rcm.6913
Assessing the impact of mutations found in next generation sequencing data over human signaling pathways,2015,10.1093/nar/gkv349
Babelomics 5.0: functional interpretation for new generations of genomic data,2015,10.1093/nar/gkv384
BIGNASim: a NoSQL database structure analysis portal for nucleic acids simulation data,2015,10.1093/nar/gkv1301
Breaking the computational barriers of pairwise genome comparison,2015,10.1186/s12859-015-0679-9
Can A Denaturant Stabilize DNA? Pyridine Reverses DNA Denaturation in Acidic pH,2015,10.1002/anie.201503770
Capturing the biological impact of CDKN2A MC1R genes as an early predisposing event in melanoma non melanoma skin cancer,2015,10.18632/oncotarget.1444
"CARMEN, a human super enhancer-associated long noncoding RNA controlling cardiac specification, differentiation homeostasis",2015,10.1016/j.yjmcc.2015.09.016
CHEMDNER: The drugs chemical names extraction challenge,2015,10.1186/1758-2946-7-s1-s1
Chromatin Unfolding by Epigenetic Modifications Explained by Dramatic Impairment of Internucleosome Interactions: A Multiscale Computational Study,2015,10.1021/jacs.5b04086
Colorectal adenomas contain multiple somatic mutations that do not coincide with synchronous adenocarcinoma specimens,2015,10.1371/journal.pone.0119946
Colorectal cancer classification based on gene expression is not associated with FOLFIRI response,2015,10.1038/nm.3701
Comparative gene expression study of the vestibular organ of the Igf1 deficient mouse using whole-transcript arrays,2015,10.1016/j.heares.2015.08.016
Comparison of GENCODE RefSeq gene annotation the impact of reference geneset on variant effect prediction,2015,10.1186/1471-2164-16-s8-s2
Correction: Colorectal adenomas contain multiple somatic mutations that do not coincide with synchronous adenocarcinoma specimens,2015,10.1371/journal.pone.0125459
"Correction to ""Analyzing the first drafts of the human proteome""",2015,10.1021/acs.jproteome.5b00186
Corrigendum: Domains of genome-wide gene expression dysregulation in Down's syndrome,2015,10.1038/nature16135
"DECKO: Single-oligo, dual-CRISPR deletion of genomic elements including long non-coding RNAs",2015,10.1186/s12864-015-2086-z
Derivation of Distributed Models of Atomic Polarizability for Molecular Simulations,2015,10.1021/ct7001122
Detection of new biased agonists for the serotonin 5-HT2A receptor: modeling experimental validation,2015,10.1124/mol.114.097022
Detection of significant protein coevolution,2015,10.1093/bioinformatics/btv102
DisGeNET: a discovery platform for the dynamical exploration of human diseases their genes,2015,10.1093/database/bav028
Dynamic recruitment of Ets1 to both nucleosome-occupied -depleted enhancer regions mediates a transcriptional program switch during early T-cell differentiation,2015,10.1093/nar/gkv1475
"Early-onset chronic axonal neuropathy, strokes, hemolysis: inherited CD59 deficiency",2015,10.1212/wnl.0000000000001391
Enhanced transcriptome maps from multiple mouse tissues reveal evolutionary constraint in gene expression,2015,10.1038/ncomms6903
Erratum to: The UBC-40 Urothelial Bladder Cancer Cell Line Index: a genomic resource for functional studies,2015,10.1186/s12864-015-2227-4
Essential Dynamics: A Tool for Efficient Trajectory Compression Management,2015,10.1021/ct050285b
"eTOXlab, an open source modeling framework for implementing predictive models in production environments",2015,10.1186/s13321-015-0058-6
Evolution of Robustness to Protein Mistranslation by Accelerated Protein Turnover,2015,10.1371/journal.pbio.1002291
Evolution of selenophosphate synthetases: emergence relocation of function through independent duplications recurrent subfunctionalization,2015,10.1101/gr.190538.115
Examining phylogenetic relationships among gibbon genera using whole genome sequence data using an approximate bayesian computation approach,2015,10.1534/genetics.115.174425
Exome sequencing reveals a high genetic heterogeneity on familial Hirschsprung disease,2015,10.1038/srep16473
Exploring the Essential Dynamics of B-DNA,2015,10.1021/ct050051s
Family-based genome-wide association study in Patagonia confirms the association of the DMD locus cleft lip palate,2015,10.1111/eos.12212
Fast inexact mapping using advanced tree exploration on backward search methods,2015,10.1186/s12859-014-0438-3
From residue coevolution to protein conformational ensembles functional dynamics,2015,10.1073/pnas.1508584112
FUN-L: gene prioritization for RNAi screens,2015,10.1093/bioinformatics/btv073
"Genetic Clinical Factors Associated with Chronic Postsurgical Pain after Hernia Repair, Hysterectomy, Thoracotomy: A Two-year Multicenter Cohort Study",2015,10.1097/aln.0000000000000611
"Genome of Rhodnius prolixus, an insect vector of Chagas disease, reveals unique adaptations to hematophagy parasite infection",2015,10.1073/pnas.1506226112
"Genome-wide analysis of wild-type Epstein-Barr virus genomes derived from healthy individuals of the 1,000 Genomes Project",2015,10.1093/gbe/evu054
Genome-Wide Pathway Analysis Identifies Genetic Pathways Associated with Psoriasis,2015,10.1016/j.jid.2015.11.026
Genomic analysis of a migratory divide reveals candidate genes for migration implicates selective sweeps in generating islands of differentiation,2015,10.1111/mec.13150
Genomic characterization of mutant laboratory mouse strains by exome sequencing annotation lift-over,2015,10.1186/s12864-015-1548-7
Germline Mutations in FAN1 Cause Hereditary Colorectal Cancer by Impairing DNA Repair,2015,10.1053/j.gastro.2015.05.056
Higher gene expression variability in the more aggressive subtype of chronic lymphocytic leukemia,2015,10.1186/s13073-014-0125-z
Human genomics. Effect of predicted protein-truncating genetic variants on the human transcriptome,2015,10.1126/science.1261877
Human genomics. The human transcriptome across tissues individuals,2015,10.1126/science.aaa0355
Identification of a selenium-dependent glutathione peroxidase in the blood-sucking insect Rhodnius prolixus,2015,10.1016/j.ibmb.2015.08.007
Identification of epistatic interactions through genome-wide association studies in sporadic medullary juvenile papillary thyroid carcinomas,2015,10.1186/s12920-015-0160-7
Inntags: small self-structured epitopes for innocuous protein tagging,2015,10.1038/nmeth.3556
Integrating transcriptomic metabolomic analysis to understand natural leaf senescence in sunflower,2015,10.1111/pbi.12422
Integrative Modeling Strategies for Predicting Drug Toxicities at the eTOX Project,2015,10.1002/minf.201400193
Involvement of a citrus meiotic recombination TTC-repeat motif in the formation of gross deletions generated by ionizing radiation MULE activation,2015,10.1186/s12864-015-1280-3
Molecular clinical diseasome of comorbidities in exacerbated COPD patients,2015,10.1183/13993003.00763-2015
Molecular dynamics simulations: advances applications,2015,10.2147/aabc.s70333
Molecular dynamics study of naturally existing cavity couplings in proteins,2015,10.1371/journal.pone.0119978
Molecular signatures of plastic phenotypes in two eusocial insect species with simple societies,2015,10.1073/pnas.1515937112
Most highly expressed protein-coding genes have a single dominant isoform,2015,10.1021/pr501286b
Multiscale simulation of DNA,2015,10.1016/j.sbi.2015.11.011
Mutations in JMJD1C are involved in Rett syndrome intellectual disability,2015,10.1038/gim.2015.100
Mutations in the MORC2 gene cause axonal Charcot-Marie-Tooth disease,2015,10.1093/brain/awv311
New technologies for DNA analysis--a review of the READNA Project,2015,10.1016/j.nbt.2015.10.003
Non-coding recurrent mutations in chronic lymphocytic leukaemia,2015,10.1038/nature14666
NOTCH pathway inactivation promotes bladder cancer progression,2015,10.1172/jci78185
On the Use of low-resolution Data to Improve Structure Prediction of Proteins Protein Complexes,2015,10.1021/ct900305m
PACSAB: Coarse-Grained Force Field for the Study of Protein-Protein Interactions Conformational Sampling in Multiprotein Systems,2015,10.1021/acs.jctc.5b00660
Parmbsc1: a refined force field for DNA simulations,2015,10.1038/nmeth.3658
Pathway network analysis of cancer genomes,2015,10.1038/nmeth.3440
"Personalized respiratory medicine: exploring the horizon, addressing the issues. Summary of a BRN-AJRCCM workshop held in Barcelona on June 12, 2014",2015,10.1164/rccm.201410-1935pp
Pharmacogenomic study in patients with multiple sclerosis: Responders nonresponders to IFN-β,2015,10.1212/nxi.0000000000000154
POLE POLD1 mutations in 529 kindred with familial colorectal cancer and/or polyposis: review of reported cases recommendations for genetic testing surveillance,2015,10.1038/gim.2015.75
Promoter-like epigenetic signatures in exons displaying cell type-specific splicing,2015,10.1186/s13059-015-0797-8
PsyGeNET: a knowledge platform on psychiatric disorders their genes,2015,10.1093/bioinformatics/btv301
"RD-Connect: an integrated platform connecting databases, registries, biobanks clinical bioinformatics for rare disease research",2015,10.1007/s11606-014-2908-8
Re-evaluation casts doubt on the pathogenicity of homozygous USH2A p.C759F,2015,10.1002/ajmg.a.37003
Residues Coevolution Guides the Systematic Identification of Alternative Functional Conformations in Proteins,2015,10.1016/j.str.2015.10.025
Review: High-performance computing to detect epistasis in genome scale data sets,2015,10.1093/bib/bbv058
RNA. Prescribing splicing,2015,10.1126/science.aaa4864
"Role of six single nucleotide polymorphisms, risk factors in coronary disease, in OLR1 alternative splicing",2015,10.1261/rna.049890.115
Runs of homozygosity reveal signatures of positive selection for reproduction traits in breed non-breed horses,2015,10.1186/s12864-015-1977-3
Screening of CD96 ASXL1 in 11 patients with Opitz C or Bohring-Opitz syndromes,2015,10.1002/ajmg.a.37418
SDS-PAGE analysis of Aβ oligomers is disserving research into Alzheimer´s disease: appealing for ESI-IM-MS,2015,10.1038/srep14809
SeDuS: segmental duplication simulator,2015,10.1093/bioinformatics/btv481
Seven-Membered Ring Nucleoside Analogues: Stereoselective Synthesis Studies on Their Conformational Properties,2015,10.1021/acs.orglett.5b02769
Site- allele-specific polycomb dysregulation in T-cell leukaemia,2015,10.1038/ncomms7094
Stress-induced activation of brown adipose tissue prevents obesity in conditions of low adaptive thermogenesis,2015,10.1016/j.molmet.2015.10.005
Structure-PPi: a module for the annotation of cancer-related single-nucleotide variants at protein-protein interfaces,2015,10.1093/bioinformatics/btv142
"Synthesis properties of 2'-deoxy-2',4'-difluoroarabinose-modified nucleic acids",2015,10.1021/jo502948t
The CHEMDNER corpus of chemicals drugs its annotation principles,2015,10.1186/1758-2946-7-s1-s2
The European Genome-phenome Archive of human data consented for biomedical research,2015,10.1038/ng.3312
The evolutionary fate of alternatively spliced homologous exons after gene duplication,2015,10.1093/gbe/evv076
The genomes of two key bumblebee species with primitive eusocial organization,2015,10.1186/s13059-015-0623-3
The structural impact of DNA mismatches,2015,10.1093/nar/gkv254
Toward a unifying strategy for the structure-based prediction of toxicological endpoints,2015,10.1007/s00204-015-1618-2
Transcription-dependent generation of a specialized chromatin structure at the TCRβ locus,2015,10.4049/jimmunol.1400789
Tribute to William L. Jorgensen,2015,10.1021/jp511519w
"Truncating Mutations of MAGEL2, a Gene within the Prader-Willi Locus, Are Responsible for Severe Arthrogryposis",2015,10.1016/j.ajhg.2015.08.010
United-Atom Discrete Molecular Dynamics of Proteins Using Physics-Based Potentials,2015,10.1021/ct8003832
Using activation status of signaling pathways as mechanism-based biomarkers to predict drug sensitivity,2015,10.1038/srep18494
Whole-epigenome analysis in multiple myeloma reveals DNA hypermethylation of B cell-specific enhancers,2015,10.1101/gr.180240.114
Whole-exome sequencing reveals ZNF408 as a new gene associated with autosomal recessive retinitis pigmentosa with vitreal alterations,2015,10.1093/hmg/ddv140
Whole-genome fingerprint of the DNA methylome during human B cell differentiation,2015,10.1038/ng.3291
Whole-genome single nucleotide polymorphism-based linkage analysis in spondyloarthritis multiplex families reveals a new susceptibility locus in 13q13,2015,10.1136/annrheumdis-2015-207720
wKinMut-2: Identification Interpretation of Pathogenic Variants in Human Protein Kinases,2015,10.1002/humu.22914
Actionable pathways: interactive discovery of therapeutic targets using signaling pathway models,2016,10.1093/nar/gkw369
Active transcription without histone modifications,2016,10.18632/oncotarget.6437
A family-based genome-wide association study reveals an association of spondyloarthritis with MAPK14,2016,10.1136/annrheumdis-2016-209449
A genome-wide association study identifies SLC8A3 as a susceptibility locus for ACPA-positive rheumatoid arthritis,2016,10.1093/rheumatology/kew035
Alternative Splicing May Not Be the Key to Proteome Complexity,2016,10.1016/j.tibs.2016.08.008
An expanded evaluation of protein function prediction methods shows an improvement in accuracy,2016,10.1186/s13059-016-1037-6
Assessing statistical significance in multivariable genome wide association analysis,2016,10.1093/bioinformatics/btw128
Assessment of Targeted Next-Generation Sequencing as a Tool for the Diagnosis of Charcot-Marie-Tooth Disease Hereditary Motor Neuropathy,2016,10.1016/j.jmoldx.2015.10.005
Asymmetric cryo-EM reconstruction of phage MS2 reveals genome structure in situ,2016,10.1038/ncomms12524
A whole-genome sequence transcriptome perspective on HER2-positive breast cancers,2016,10.1038/ncomms12222
Candidate gene study reveals DRD1 DRD2 as putative interacting risk factors for youth depression,2016,10.1016/j.psychres.2016.07.032
"Challenges of docking in large, flexible promiscuous binding sites",2016,10.1016/j.bmc.2016.08.010
Chimpanzee genomic diversity reveals ancient admixture with bonobos,2016,10.1126/science.aag2602
Chromatin Regulators as a Guide for Cancer Treatment Choice,2016,10.1158/1535-7163.mct-15-1008
Chronic subordination stress selectively downregulates the insulin signaling pathway in liver skeletal muscle but not in adipose tissue of male mice,2016,10.3109/10253890.2016.1151491
Combining Multiple Hypothesis Testing with Machine Learning Increases the Statistical Power of Genome-wide Association Studies,2016,10.1038/srep36671
Computational Prediction of HIV-1 Resistance to Protease Inhibitors,2016,10.1021/acs.jcim.5b00667
Computational Synteny Block: A Framework to Identify Evolutionary Events,2016,10.1109/tnb.2016.2554150
Computational workflow for the fine-grained analysis of metagenomic samples,2016,10.1186/s12864-016-3063-x
Concurrent Accurate Short Read Mapping on Multicore Processors,2016,10.1109/tcbb.2015.2392077
"Conformational plasticity of RepB, the replication initiator protein of promiscuous streptococcal plasmid pMV158",2016,10.1038/srep20915
Conservation of coevolving protein interfaces bridges prokaryote-eukaryote homologies in the twilight zone,2016,10.1073/pnas.1611861114
Cytoplasmic long noncoding RNAs are frequently bound to degraded at ribosomes in human cells,2016,10.1261/rna.053561.115
Demographic History of the Genus Pan Inferred from Whole Mitochondrial Genome Reconstructions,2016,10.1093/gbe/evw124
DIANA: 3D Domain Interaction Analysis: A Toolbox for Quaternary Structure Modeling,2016,10.1016/j.bpj.2015.11.3519
Differences in molecular evolutionary rates among microRNAs in the human chimpanzee genomes,2016,10.1186/s12864-016-2863-3
Differential Features between Chronic Skin Inflammatory Diseases Revealed in Skin-Humanized Psoriasis Atopic Dermatitis Mouse Models,2016,10.1038/jid.2015.362
"Discussion of ""The New Role of Biomedical Informatics in the Age of Digital Medicine""",2016,10.3414/me15-12-0005
DisGeNET: a comprehensive platform integrating information on human disease-associated genes variants,2016,10.1093/nar/gkw943
DisGeNET-RDF: harnessing the innovative power of the Semantic Web to explore the genetic basis of diseases,2016,10.1093/bioinformatics/btw214
DNA structure directs positioning of the mitochondrial genome packaging protein Abf2p,2016,10.1093/nar/gkw1147
Dysfunctional mitochondrial fission impairs cell reprogramming,2016,10.1080/15384101.2016.1241930
Editorial overview: Theory simulation,2016,10.1016/j.sbi.2016.03.004
Emphysema- airway-dominant COPD phenotypes defined by standardised quantitative computed tomography,2016,10.1183/13993003.01878-2015
Epigenomic analysis detects aberrant super-enhancer DNA methylation in human cancer,2016,10.1186/s13059-016-0879-2
Epigenomic Co-localization Co-evolution Reveal a Key Role for 5hmC as a Communication Hub in the Chromatin Network of ESCs,2016,10.1016/j.celrep.2016.01.008
"Erratum to: 'DECKO: Single-oligo, dual-CRISPR deletion of genomic elements including long non-coding RNAs'",2016,10.1186/s12864-016-2544-2
Erratum to: Making sense of big data in health research: towards an EU action plan,2016,10.1186/s13073-016-0376-y
Erratum to: Promoter-like epigenetic signatures in exons displaying cell type-specific splicing,2016,10.1186/s13059-016-0890-7
Erratum to: The UBC-40 Urothelial Bladder Cancer cell line index: a genomic resource for functional studies,2016,10.1186/s12864-016-3179-z
Exploring the complete mutational space of the LDL receptor LA5 domain using molecular dynamics: linking SNPs with disease phenotypes in familial hypercholesterolemia,2016,10.1093/hmg/ddw004
Extension of human lncRNA transcripts by RACE coupled with long-read high-throughput sequencing (RACE-Seq),2016,10.1038/ncomms12339
Extreme genomic erosion after recurrent demographic bottlenecks in the highly endangered Iberian lynx,2016,10.1186/s13059-016-1090-1
From Wet-Lab to Variations: Concordance Speed of Bioinformatics Pipelines for Whole Genome Whole Exome Sequencing,2016,10.1002/humu.23114
Functional Implications of Human-Specific Changes in Great Ape microRNAs,2016,10.1371/journal.pone.0154194
Gene-specific patterns of expression variation across organs species,2016,10.1186/s13059-016-1008-y
"Genome sequence of the olive tree, Olea europaea",2016,10.1186/s13742-016-0134-5
Genome transcriptome analysis of the Mesoamerican common bean the role of gene duplications in establishing tissue temporal specialization of genes,2016,10.1186/s13059-016-0883-6
Genome-wide nucleosome specificity function of chromatin remodellers in ES cells,2016,10.1038/nature16505
Hepatotoxicity prediction by systems biology modeling of disturbed metabolic pathways using gene expression data,2016,10.14573/altex.1602071
HPG pore: an efficient scalable framework for nanopore sequencing data,2016,10.1186/s12859-016-0966-0
Identifying ELIXIR Core Data Resources,2016,10.12688/f1000research.9656.2
Improving the management of Inherited Retinal Dystrophies by targeted sequencing of a population-specific gene panel,2016,10.1038/srep23910
Increased DNA methylation variability in type 1 diabetes across three immune effector cell types,2016,10.1038/ncomms13555
Information recovery from low coverage whole-genome bisulfite sequencing,2016,10.1038/ncomms11306
Integrated gene set analysis for microRNA studies,2016,10.1093/bioinformatics/btw334
Integrating epigenomic data 3D genomic structure with a new measure of chromatin assortativity,2016,10.1186/s13059-016-1003-3
Intracellular nanoparticles mass quantification by near-edge absorption soft X-ray nanotomography,2016,10.1038/srep22354
ISCB's initial reaction to New England Journal of Medicine editorial on data sharing,2016,10.12688/f1000research.8051.1
ISCB's Initial Reaction to The New England Journal of Medicine Editorial on Data Sharing,2016,10.1371/journal.pcbi.1004816
KinMutRF: a random forest classifier of sequence variants in the human protein kinase superfamily,2016,10.1186/s12864-016-2723-1
Lokiarchaeota Marks the Transition between the Archaeal Eukaryotic Selenocysteine Encoding Systems,2016,10.1093/molbev/msw122
Long-timescale dynamics of the Drew-Dickerson dodecamer,2016,10.1093/nar/gkw264
Making sense of big data in health research: Towards an EU action plan,2016,10.1186/s13073-016-0323-y
Mechanism of Structural Tuning of the Hepatitis C Virus Human Cellular Receptor CD81 Large Extracellular Loop,2016,10.1016/j.str.2016.11.003
Membrane omega-3 fatty acids modulate the oligomerisation kinetics of adenosine A2A dopamine D2 receptors,2016,10.1038/srep19839
"Mitochondrial Complex I Is a Global Regulator of Secondary Metabolism, Virulence Azole Sensitivity in Fungi",2016,10.1371/journal.pone.0158724
"Mutations in GLDN, Encoding Gliomedin, a Critical Component of the Nodes of Ranvier, Are Responsible for Lethal Arthrogryposis",2016,10.1016/j.ajhg.2016.07.021
Mutations in TRAPPC11 are associated with a congenital disorder of glycosylation,2016,10.1002/humu.23145
Natural Selection in the Great Apes,2016,10.1093/molbev/msw215
Nucleosome architecture throughout the cell cycle,2016,10.1038/srep19729
Partial Activation of SA- JA-Defensive Pathways in Strawberry upon Colletotrichum acutatum Interaction,2016,10.3389/fpls.2016.01036
Predicting Protein Relationships to Human Pathways through a Relational Learning Approach Based on Simple Sequence Features,2016,10.1109/tcbb.2014.2318730
Prediction validation of protein intermediate states from structurally rich ensembles coarse-grained simulations,2016,10.1038/ncomms12575
PRKG1 genetic diagnosis of early-onset thoracic aortic disease,2016,10.1111/eci.12662
Progress in pharmacogenetics: consortiums new strategies,2016,10.1515/dmpt-2015-0039
Quantification of Pathway Cross-talk Reveals Novel Synergistic Drug Combinations for Breast Cancer,2016,10.1158/0008-5472.can-16-0097
Rational design of novel N-alkyl-N capped biostable RNA nanostructures for efficient long-term inhibition of gene expression,2016,10.1093/nar/gkw169
Reuse of EHRs to Support Clinical Research in a Hospital of Reference,2016,
RNA sequencing validation of the Complexity INdex in SARComas prognostic signature,2016,10.1016/j.ejca.2015.12.027
Saturation analysis for whole-genome bisulfite sequencing data,2016,10.1038/nbt.3524
Saturation of recognition elements blocks evolution of new tRNA identities,2016,10.1126/sciadv.1501860
Selenoprotein Gene Nomenclature,2016,10.1074/jbc.m116.756155
Sequence variation between 462 human individuals fine-tunes functional sites of RNA processing,2016,10.1038/srep32406
Shared Oncogenic Pathways Implicated in Both Virus-Positive UV-Induced Merkel Cell Carcinomas,2016,10.1016/j.jid.2016.08.015
Site-specific methylation acetylation of lysine residues in the C-terminal domain (CTD) of RNA polymerase II,2016,10.1080/21541264.2015.1114983
Small Details Matter: The 2'-Hydroxyl as a Conformational Switch in RNA,2016,10.1021/jacs.6b09471
Somatic Embryonic FGFR2 Mutations in Keratinocytic Epidermal Nevi,2016,10.1016/j.jid.2016.03.040
Spanish Exomes Reveal Population-Specific Differences in Disease-Related Genetic Variation,2016,10.1093/molbev/msw005
Spatiotemporal Control of Forkhead Binding to DNA Regulates the Meiotic Gene Expression Program,2016,10.1016/j.celrep.2015.12.074
The BLUEPRINT Data Analysis Portal,2016,10.1016/j.cels.2016.10.021
The Differential Response of Proteins to Macromolecular Crowding,2016,10.1371/journal.pcbi.1005040
The Fungus Candida albicans Tolerates Ambiguity at Multiple Codons,2016,10.3389/fmicb.2016.00401
"The Markyt visualisation, prediction benchmark platform for chemical gene entity recognition at BioCreative/CHEMDNER challenge",2016,10.1093/database/baw120
The Mutational Landscape of Acute Promyelocytic Leukemia Reveals an Interacting Network of Co-Occurrences Recurrent Mutations,2016,10.1371/journal.pone.0148346
The pan-cancer pathological regulatory landscape,2016,10.1038/srep39709
The Role of Unconventional Hydrogen Bonds in Determining BII Propensities in B-DNA,2016,10.1021/acs.jpclett.6b02451
The transcriptomics of an experimentally evolved plant-virus interaction,2016,10.1038/srep24901
Transcriptomic Analysis Using Olive Varieties Breeding Progenies Identifies Candidate Genes Involved in Plant Architecture,2016,10.3389/fpls.2016.00240
Web-based network analysis visualization using CellMaps,2016,10.1093/bioinformatics/btw332
Whole exome sequencing of Rett syndrome-like patients reveals the mutational diversity of the clinical phenotype,2016,10.1007/s00439-016-1721-3
Whole genome sequencing of turbot (Scophthalmus maximus; Pleuronectiformes): a fish adapted to demersal life,2016,10.1093/dnares/dsw007
Adaptive Mistranslation Accelerates the Evolution of Fluconazole Resistance Induces Major Genomic Gene Expression Alterations in <i>Candida albicans</i>,2017,10.1128/msphere.00167-17
"Adverse outcome pathways: opportunities, limitations open questions",2017,10.1007/s00204-017-2045-3
"A molecular hypothesis to explain direct inverse co-morbidities between Alzheimer's Disease, Glioblastoma Lung cancer",2017,10.1038/s41598-017-04400-6
A new parallel pipeline for DNA methylation analysis of long reads datasets,2017,10.1186/s12859-017-1574-3
Anna Tramontano 1957-2017,2017,10.1038/nsmb.3410
Anorexia nervosa cancer: a protocol for a systematic review meta-analysis of observational studies,2017,10.1186/s13643-017-0540-5
Antagonistic pleiotropy mutation accumulation influence human senescence disease,2017,10.1038/s41559-016-0055
"Association Between Germline Mutations in BRF1, a Subunit of the RNA Polymerase III Transcription Complex, Hereditary Colorectal Cancer",2017,10.1053/j.gastro.2017.09.005
"ATGC transcriptomics: a web-based application to integrate, explore analyze de novo transcriptomic data",2017,10.1186/s12859-017-1494-2
Automatic identification of informative regions with epigenomic changes associated to hematopoiesis,2017,10.1093/nar/gkx618
Benchmarking of Whole Exome Sequencing Ad Hoc Designed Panels for Genetic Testing of Hereditary Cancer,2017,10.1038/srep37984
Brain Transcriptome Sequencing of a Natural Model of Alzheimer's Disease,2017,10.3389/fnagi.2017.00064
Cancer central nervous system disorders: protocol for an umbrella review of systematic reviews updated meta-analyses of observational studies,2017,10.1186/s13643-017-0466-y
CD8<sup>+</sup> T Cells from Human Neonates Are Biased toward an Innate Immune Response,2017,10.1016/j.celrep.2016.10.056
Changes in the free-energy landscape of p38α MAP kinase through its canonical activation binding events as studied by enhanced molecular dynamics simulations,2017,10.7554/elife.22175
ChimPipe: accurate detection of fusion genes transcription-induced chimeras from RNA-seq data,2017,10.1186/s12864-016-3404-9
ChiPPI: a novel method for mapping chimeric protein-protein interactions uncovers selection principles of protein fusion events in cancer,2017,10.1093/nar/gkx423
Compaction of Duplex Nucleic Acids upon Native Electrospray Mass Spectrometry,2017,10.1021/acscentsci.7b00084
Comparative transcriptomics in human mouse,2017,10.1038/nrg.2017.19
Comparison of algorithms for the detection of cancer drivers at subgene resolution,2017,10.1038/nmeth.4364
Computational identification of the selenocysteine tRNA (tRNASec) in genomes,2017,10.1371/journal.pcbi.1005383
"Correction: Mitochondrial Complex I Is a Global Regulator of Secondary Metabolism, Virulence Azole Sensitivity in Fungi",2017,10.1371/journal.pone.0171787
Data Resources for Human Functional Genomics,2017,10.1016/j.coisb.2016.12.019
DCONS-DB: A Database of Position-Specific Scoring Matrices in Protein Structures,2017,10.3390/molecules22122230
Decoding the DNA Methylome of Mantle Cell Lymphoma in the Light of the Entire B Cell Lineage,2017,10.1016/j.ccell.2016.09.014
Design of coiled-coil protein-origami cages that self-assemble in vitro in vivo,2017,10.1038/nbt.3994
Discovery of Cancer Driver Long Noncoding RNAs across 1112 Tumour Genomes: New Candidates Distinguishing Features,2017,10.1038/srep41544
Discrete Molecular Dynamics Approach to the Study of Disordered Aggregating Proteins,2017,10.1021/acs.jctc.6b01153
Distinct Trends of DNA Methylation Patterning in the Innate Adaptive Immune Systems,2017,10.1016/j.celrep.2016.10.054
Elucidating the molecular basis of MSH2-deficient tumors by combined germline somatic analysis,2017,10.1002/ijc.30820
Epigenetic Transcriptional Variability Shape Phenotypic Plasticity,2017,10.1002/bies.201700148
Four simple recommendations to encourage best practices in research software,2017,10.12688/f1000research.11407.1
Genetic Drivers of Epigenetic Transcriptional Variation in Human Immune Cells,2017,10.1016/j.cell.2016.10.026
Genetic factors affecting EBV copy number in lymphoblastoid cell lines derived from the 1000 Genome Project samples,2017,10.1371/journal.pone.0179446
Genetic functional characterization of disease associations explains comorbidity,2017,10.1038/s41598-017-04939-4
Genome-wide analysis of differential transcriptional epigenetic variability across human immune cell types,2017,10.1186/s13059-017-1156-8
Genome-wide pathway analysis identifies VEGF pathway association with oral ulceration in systemic lupus erythematosus,2017,10.1186/s13075-017-1345-6
Genomic expression differences between cutaneous cells from red hair color individuals black hair color individuals based on bioinformatic analysis,2017,10.18632/oncotarget.14140
Genomic history of the origin domestication of common bean unveils its closest sister species,2017,10.1186/s13059-017-1190-6
GGPS1 Mutation Atypical Femoral Fractures with Bisphosphonates,2017,10.1056/nejmc1612804
Graph-theoretical comparison of normal tumor networks in identifying BRCA genes,2017,10.1186/s12918-017-0495-0
High-throughput annotation of full-length long noncoding RNAs with capture long-read sequencing,2017,10.1038/ng.3988
How accurate are accurate force-fields for B-DNA?,2017,10.1093/nar/gkw1355
Human selenoprotein P S variant mRNAs with different numbers of SECIS elements inferences from mutant mice of the roles of multiple SECIS elements,2017,10.1098/rsob.160241
Identification of IRX1 as a Risk Locus for Rheumatoid Factor Positivity in Rheumatoid Arthritis in a Genome-Wide Association Study,2017,10.1002/art.39591
Influence of lung CT changes in chronic obstructive pulmonary disease (COPD) on the human lung microbiome,2017,10.1371/journal.pone.0180859
Information Retrieval Text Mining Technologies for Chemistry,2017,10.1021/acs.chemrev.6b00851
Inhibition of Human Enhancer of Zeste Homolog 2 with Tambjamine Analogs,2017,10.1021/acs.jcim.7b00178
Integration of transcriptomic metabolic data reveals hub transcription factors involved in drought stress response in sunflower (Helianthus annuus L.),2017,10.1007/s11103-017-0625-5
Interhemispheric gene expression differences in the cerebral cortex of humans macaque monkeys,2017,10.1007/s00429-017-1401-7
International Cooperation to Enable the Diagnosis of All Rare Genetic Diseases,2017,10.1016/j.ajhg.2017.04.003
In vivo binding of PRDM9 reveals interactions with noncanonical genomic sites,2017,10.1101/gr.217240.116
Legacy data sharing to improve drug safety assessment: the eTOX project,2017,10.1038/nrd.2017.177
LncATLAS database for subcellular localization of long noncoding RNAs,2017,10.1261/rna.060814.117
"Loss-of-Function Mutations in LGI4, a Secreted Ligand Involved in Schwann Cell Myelination, Are Responsible for Arthrogryposis Multiplex Congenita",2017,10.1016/j.ajhg.2017.02.006
MedBioinformatics: Developing Integrative Bioinformatics Applications for Personalized Medicine,2017,
Membrane cholesterol access into a G-protein-coupled receptor,2017,10.1038/ncomms14505
Mex3a Marks a Slowly Dividing Subpopulation of Lgr5+ Intestinal Stem Cells,2017,10.1016/j.stem.2017.02.007
MIB2 variants altering NOTCH signalling result in left ventricle hypertrabeculation/non-compaction are associated with Ménétrier-like gastropathy,2017,10.1093/hmg/ddw365
Microbiome overview in swine lungs,2017,10.1371/journal.pone.0181503
"Morphometric, Behavioral, Genomic Evidence for a New Orangutan Species",2017,10.1016/j.cub.2017.09.047
Most Alternative Isoforms Are Not Functionally Important,2017,10.1016/j.tibs.2017.04.002
NLRP3 polymorphisms response to interferon-beta in multiple sclerosis patients,2017,10.1177/1352458517739137
Pea PSII-LHCII supercomplexes form pairs by making connections across the stromal gap,2017,10.1038/s41598-017-10700-8
Potential damaging mutation in LRP5 from genome sequencing of the first reported chimpanzee with the Chiari malformation,2017,10.1038/s41598-017-15544-w
Precision medicine needs pioneering clinical bioinformaticians,2017,10.1093/bib/bbx144
Prevalent Sequences in the Human Genome Can Form Mini i-Motif Structures at Physiological pH,2017,10.1021/jacs.7b07383
Properties of human disease genes the role of genes linked to Mendelian disorders in complex disease aetiology,2017,10.1093/hmg/ddw405
Protein Flexibility Synergy of HMG Domains Underlie U-Turn Bending of DNA by TFAM in Solution,2017,10.1016/j.bpj.2017.11.3743
Proton Dynamics in Protein Mass Spectrometry,2017,10.1021/acs.jpclett.7b00127
Repair of UV-Induced DNA Damage Independent of Nucleotide Excision Repair Is Masked by MUTYH,2017,10.1016/j.molcel.2017.10.021
"Risk of mortality among children, adolescents, adults with autism spectrum disorder or attention deficit hyperactivity disorder their first-degree relatives: a protocol for a systematic review meta-analysis of observational studies",2017,10.1186/s13643-017-0581-9
Scalable Design of Paired CRISPR Guide RNAs for Genomic Deletion,2017,10.1371/journal.pcbi.1005341
ScipionCloud: An integrative interactive gateway for large scale cryo electron microscopy image processing on commercial academic clouds,2017,10.1016/j.jsb.2017.06.004
Scipion web tools: Easy to use cryo-EM image processing over the web,2017,10.1002/pro.3315
Serum metabolomic profiling facilitates the non-invasive identification of metabolic biomarkers associated with the onset progression of non-small cell lung cancer,2017,10.18632/oncotarget.7354
Similar genomic proportions of copy number variation within gray wolves modern dog breeds inferred from whole genome sequencing,2017,10.1186/s12864-017-4318-x
Single-cell transcriptome conservation in cryopreserved cells tissues,2017,10.1186/s13059-017-1171-9
Splenic diffuse red pulp small B-cell lymphoma displays increased expression of cyclin D3 recurrent CCND3 mutations,2017,10.1182/blood-2016-11-751024
StructMap: Elastic Distance Analysis of Electron Microscopy Maps for Studying Conformational Changes,2017,10.1016/j.bpj.2016.03.019
Structural basis of a histidine-DNA nicking/joining mechanism for gene transfer promiscuous spread of antibiotic resistance,2017,10.1073/pnas.1702971114
Ten Simple Rules on How to Organize a Scientific Retreat,2017,10.1371/journal.pcbi.1005344
The Allelic Landscape of Human Blood Cell Trait Variation Links to Common Complex Disease,2017,10.1016/j.cell.2016.10.042
"The impact of endogenous content, replicates pooling on genome capture from faecal samples",2017,10.1111/1755-0998.12728
The Multiple Roles of Waters in Protein Solvation,2017,10.1021/acs.jpcb.6b09676
Transcriptional network analysis in frontal cortex in Lewy body diseases with focus on dementia with Lewy bodies,2017,10.1111/bpa.12511
Using Electronic Health Records to Assess Depression Cancer Comorbidities,2017,
VISMapper: ultra-fast exhaustive cartography of viral insertion sites for gene therapy,2017,10.1186/s12859-017-1837-z
Whole exome sequencing coupled with unbiased functional analysis reveals new Hirschsprung disease genes,2017,10.1186/s13059-017-1174-6
β-Glucan Reverses the Epigenetic State of LPS-Induced Immunological Tolerance,2017,10.1016/j.cell.2016.09.034
A 3-way hybrid approach to generate a new high-quality chimpanzee reference genome (Pan_tro_3.0),2018,10.1093/gigascience/gix098
A comparison of mechanistic signaling pathway activity analysis methods,2018,10.1093/bib/bby040
Allosterism signal transfer in DNA,2018,10.1093/nar/gky549
An automated tool for obtaining QSAR-ready series of compounds using semantic web technologies,2018,10.1093/bioinformatics/btx566
APPRIS 2017: principal isoforms for multiple gene sets,2018,10.1093/nar/gkx997
A Retrospective Cross-Sectional Population-Based Study on Prenatal Levels of Adherence to the Mediterranean Diet: Maternal Profile Effects on the Newborn,2018,10.3390/ijerph15071530
Author Correction: Potential damaging mutation in LRP5 from genome sequencing of the first reported chimpanzee with the Chiari malformation,2018,10.1038/s41598-018-24993-w
Author Correction: Whole genome diversity of inherited chromosomally integrated HHV-6 derived from healthy individuals of diverse geographic origin,2018,10.1038/s41598-018-24603-9
"Biallelic mutation of UNC50, encoding a protein involved in AChR trafficking, is responsible for arthrogryposis",2018,10.1093/hmg/ddx288
bigSCale: an analytical framework for big-scale single-cell data,2018,10.1101/gr.230771.117
"BIOLITMAP: a web-based geolocated, temporal thematic visualization of the evolution of bioinformatics publications",2018,10.1093/bioinformatics/bty967
Challenges guidelines toward 4D nucleome data model standards,2018,10.1038/s41588-018-0236-3
CImbinator: a web-based tool for drug synergy analysis in small- large-scale datasets,2018,10.1093/bioinformatics/btx161
Combined HAT/EZH2 modulation leads to cancer-selective cell death,2018,10.18632/oncotarget.25428
comoRbidity: an R package for the systematic analysis of disease comorbidities,2018,10.1093/bioinformatics/bty315
Comparative transcriptomics across 14 Drosophila species reveals signatures of longevity,2018,10.1111/acel.12740
Correction: Genetic factors affecting EBV copy number in lymphoblastoid cell lines derived from the 1000 Genome Project samples,2018,10.1371/journal.pone.0196623
Damage-responsive elements in <i>Drosophila</i> regeneration,2018,10.1101/gr.233098.117
"Deciphering the mechanism of action of 089, a compound impairing the fungal cell cycle",2018,10.1038/s41598-018-24341-y
Development of an Infrastructure for the Prediction of Biological Endpoints in Industrial Environments. Lessons Learned at the eTOX Project,2018,10.3389/fphar.2018.01147
DNA methylation profiling of hepatosplenic T-cell lymphoma,2018,10.3324/haematol.2018.196196
Dynamic kinetochore size regulation promotes microtubule capture chromosome biorientation in mitosis,2018,10.1038/s41556-018-0130-3
Effect of Collapsed Duplications on Diversity Estimates: What to Expect,2018,10.1093/gbe/evy223
Efficient siRNA-peptide conjugation for specific targeted delivery into tumor cells,2018,10.1039/c6cc10287e
"Epigenetic prediction of response to anti-PD-1 treatment in non-small-cell lung cancer: a multicentre, retrospective analysis",2018,10.1016/s2213-2600(18)30284-4
Erratum to: Interhemispheric gene expression differences in the cerebral cortex of humans macaque monkeys,2018,10.1007/s00429-017-1433-z
Expression of the transcribed ultraconserved region 70 the related long non-coding RNA AC092652.2-202 has prognostic value in Chronic Lymphocytic Leukaemia,2018,10.1111/bjh.15237
FaST-LMM for Two-Way Epistasis Tests on High-Performance Clusters,2018,10.1089/cmb.2018.0087
Gene Expression Correlation Gene Ontology-Based Similarity: An Assessment of Quantitative Relationships,2018,10.1109/cibcb.2004.1393927
Gene Expression Integration into Pathway Modules Reveals a Pan-Cancer Metabolic Landscape,2018,10.1158/0008-5472.can-17-2705
Genetic variation at the glycosaminoglycan metabolism pathway contributes to the risk of psoriatic arthritis but not psoriasis,2018,10.1136/annrheumdis-2018-214158
Genomic Phenotypic Variation in Morphogenetic Networks of Two <i>Candida albicans</i> Isolates Subtends Their Different Pathogenic Potential,2018,10.3389/fimmu.2017.01997
Genomics of the origin evolution of Citrus,2018,10.1038/nature25447
Germline mutations in the spindle assembly checkpoint genes BUB1 BUB3 are infrequent in familial colorectal cancer polyposis,2018,10.1186/s12943-018-0762-8
Germline variation in the oxidative DNA repair genes NUDT1 OGG1 is not associated with hereditary colorectal cancer or polyposis,2018,10.1002/humu.23564
ggsashimi: Sashimi plot revised for browser- annotation-independent splicing visualization,2018,10.1371/journal.pcbi.1006360
Global Transcriptome Analysis of Primary Cerebrocortical Cells: Identification of Genes Regulated by Triiodothyronine in Specific Cell Types,2018,10.1093/cercor/bhv273
HGVA: the Human Genome Variation Archive,2018,10.1093/nar/gkx445
High throughput estimation of functional cell activities reveals disease mechanisms predicts relevant clinical outcomes,2018,10.18632/oncotarget.14107
"<i>Deep Consensus</i>, a deep learning-based approach for particle pruning in cryo-electron microscopy",2018,10.1107/s2052252518014392
Identifying temporal patterns in patient disease trajectories using dynamic time warping: A population-based study,2018,10.1038/s41598-018-22578-1
In silico models in drug development: where we are,2018,10.1016/j.coph.2018.08.007
In Silico QT APD Prolongation Assay for Early Screening of Drug-Induced Proarrhythmic Risk,2018,10.1021/acs.jcim.7b00440
ISCB's initial reaction to New England Journal of Medicine editorial on data sharing,2018,10.1093/bioinformatics/btw090
"LimTox: a web tool for applied text mining of adverse event toxicity associations of compounds, drugs genes",2018,10.1093/nar/gkx462
Loss of function mutations in EPHB4 are responsible for vein of Galen aneurysmal malformation,2018,10.1093/brain/awy020
Mechanism of Structural Tuning of the Hepatitis C Virus Human Cellular Receptor CD81 Large Extracellular Loop,2018,10.1016/j.str.2017.11.015
Metadata to Describe Genomic Information,2018,
Models of cell signaling uncover molecular mechanisms of high-risk neuroblastoma predict disease outcome,2018,10.1186/s13062-018-0219-4
Modified penetrance of coding variants by cis-regulatory variation contributes to disease risk,2018,10.1038/s41588-018-0192-y
MonoRes: Automatic Accurate Estimation of Local Resolution for Electron Microscopy Maps,2018,10.1016/j.str.2017.12.018
mORCA: sailing bioinformatics world with mobile devices,2018,10.1093/bioinformatics/btx673
mORCA: ubiquitous access to life science web services,2018,10.1186/s12864-018-4439-x
Multi-omics profiling reveals a distinctive epigenome signature for high-risk acute promyelocytic leukemia,2018,10.18632/oncotarget.25429
"Mutational Profile of Aggressive, Localised Prostate Cancer from African Caribbean Men Versus European Ancestry Men",2018,10.1016/j.eururo.2018.08.026
Mutations in Vps15 perturb neuronal migration in mice are associated with neurodevelopmental disease in humans,2018,10.1038/s41593-017-0053-5
"Network, Transcriptomic Genomic Features Differentiate Genes Relevant for Drug Response",2018,10.3389/fgene.2018.00412
PanDrugs: a novel method to prioritize anticancer drug treatments according to individual genomic data,2018,10.1186/s13073-018-0546-1
"Pazopanib for treatment of advanced malignant dedifferentiated solitary fibrous tumour: a multicentre, single-arm, phase 2 trial",2018,10.1016/s1470-2045(18)30676-4
"Plasticity in oligomerization, operator architecture, DNA binding in the mode of action of a bacterial B<sub>12</sub>-based photoreceptor",2018,10.1074/jbc.ra118.004838
"PMut: a web-based tool for the annotation of pathological variants on proteins, 2017 update",2018,10.1093/nar/gkx313
Precise Parallel Pairwise Metagenomic Comparisons,2018,10.1089/cmb.2018.0081
Proximal Pathway Enrichment Analysis for Targeting Comorbid Diseases via Network Endopharmacology,2018,10.3390/ph11030061
Publisher Correction: Mutations in Vps15 perturb neuronal migration in mice are associated with neurodevelopmental disease in humans,2018,10.1038/s41593-018-0170-9
Quantitative DNA Methylation Analysis at Single-Nucleotide Resolution by Pyrosequencing®,2018,10.1007/978-1-4939-7481-8_22
"RD-Connect, NeurOmics EURenOmics: collaborative European initiative for rare diseases",2018,10.1038/s41431-018-0115-5
Recent advances in functional genome analysis,2018,10.12688/f1000research.15274.1
Recessive variants of MuSK are associated with late onset CMS predominant limb girdle weakness,2018,10.1002/ajmg.a.38707
Reference genome assessment from a population scale perspective: an accurate profile of variability noise,2018,10.1093/bioinformatics/btx482
Replicability Prediction: Lessons Challenges from GWAS,2018,10.1016/j.tig.2018.03.005
Selenoprofiles: A Computational Pipeline for Annotation of Selenoproteins,2018,10.1007/978-1-4939-7258-6_2
Structural energetic study of cation-π-cation interactions in proteins,2018,10.1039/c6cp08448f
"Structure, Stiffness Substates of the Dickerson-Drew Dodecamer",2018,10.1021/ct300671y
Targeting RNA structure in SMN2 reverses spinal muscular atrophy molecular phenotypes,2018,10.1038/s41467-018-04110-1
Text mining expert curation to develop a database on psychiatric diseases their genes,2018,10.1093/database/bax043
The BIOMEPOC Project: Personalized Biomarkers Clinical Profiles in Chronic Obstructive Pulmonary Disease,2018,10.1016/j.arbres.2018.07.026
The discovery potential of RNA processing profiles,2018,10.1093/nar/gkx1115
The effects of death post-mortem cold ischemia on human tissue transcriptomes,2018,10.1038/s41467-017-02772-x
The first complete genomic structure of Butyrivibrio fibrisolvens its chromid,2018,10.1099/mgen.0.000216
The first single particle analysis Map Challenge: A summary of the assessments,2018,10.1016/j.jsb.2018.08.010
The modular network structure of the mutational landscape of Acute Myeloid Leukemia,2018,10.1371/journal.pone.0202926
The reference epigenome regulatory chromatin landscape of chronic lymphocytic leukemia,2018,10.1038/s41591-018-0028-4
Training bioinformaticians in High Performance Computing,2018,10.1016/j.heliyon.2018.e01057
Transcription Factors Drive Tet2-Mediated Enhancer Demethylation to Reprogram Cell Fate,2018,10.1016/j.stem.2018.08.016
Transcription Factors Drive Tet2-Mediated Enhancer Demethylation to Reprogram Cell Fate,2018,10.1016/j.stem.2018.11.001
Using geneid to Identify Genes,2018,10.1002/cpbi.56
Whole genome diversity of inherited chromosomally integrated HHV-6 derived from healthy individuals of diverse geographic origin,2018,10.1038/s41598-018-21645-x
X-Pol Potential: An Electronic Structure-Based Force Field for Molecular Dynamics Simulation of a Solvated Protein in Water,2018,10.1021/ct800239q
X-ray structure of full-length human RuvB-Like 2 - mechanistic insights into coupling between ATP binding mechanical action,2018,10.1038/s41598-018-31997-z
